{
  "phase1": {
    "train_loss": [
      0.22424467331091613,
      0.14825446690494185,
      0.13232891621696882,
      0.1211875251205969,
      0.11469154851983873,
      0.10803418182933391,
      0.10185798274903904,
      0.09858780970258005,
      0.08859624294682317,
      0.08543003719243301
    ],
    "train_acc": [
      0.9264752538071066,
      0.9468591370558376,
      0.9510628172588832,
      0.9573286802030457,
      0.9602633248730964,
      0.9608978426395939,
      0.9632772842639594,
      0.9649428934010152,
      0.9670050761421319,
      0.9681154822335025
    ],
    "val_loss": [
      0.18599597408772364,
      0.18539469654056723,
      0.18743231758666618,
      0.17434991298299202,
      0.18482103636926744,
      0.18512778478633404,
      0.17836992359439843,
      0.2034920355020763,
      0.185657979218361,
      0.18865970386452602
    ],
    "val_acc": [
      0.9336661911554922,
      0.9386590584878745,
      0.9350927246790299,
      0.9429386590584878,
      0.9400855920114123,
      0.9443651925820257,
      0.9386590584878745,
      0.9386590584878745,
      0.9415121255349501,
      0.9415121255349501
    ],
    "lr": [
      0.001,
      0.001,
      0.001,
      0.001,
      0.001,
      0.001,
      0.001,
      0.001,
      0.0005,
      0.0005
    ]
  },
  "phase2": {
    "train_loss": [
      0.09754708545993976,
      0.035871104933534216,
      0.01589599745448556,
      0.008881466990622791,
      0.006324616725010523,
      0.004498591495418996,
      0.00337559913039393,
      0.003304028315903964,
      0.003388516428523022,
      0.0023663647788346905,
      0.002092188540386653,
      0.0021583856652824087,
      0.002200605946297036,
      0.0018004417612468074,
      0.001744964487969519
    ],
    "train_acc": [
      0.9643876903553299,
      0.9902442893401016,
      0.9969067258883249,
      0.9988102791878173,
      0.999127538071066,
      0.999127538071066,
      0.999127538071066,
      0.999127538071066,
      0.9988895939086294,
      0.9990482233502538,
      0.9992068527918782,
      0.9989689086294417,
      0.999127538071066,
      0.999127538071066,
      0.9990482233502538
    ],
    "val_loss": [
      0.18105536439760286,
      0.18468250244319143,
      0.19209105055845646,
      0.19160046214011953,
      0.20102258786172494,
      0.20617676994095047,
      0.20981943673359896,
      0.21553679480225368,
      0.2222301222728738,
      0.21391062140541175,
      0.23458631713469427,
      0.2247229991331245,
      0.22101103516392537,
      0.22247637070439086,
      0.22213223834071022
    ],
    "val_acc": [
      0.942225392296719,
      0.9429386590584878,
      0.9443651925820257,
      0.9457917261055635,
      0.9465049928673324,
      0.9450784593437945,
      0.9457917261055635,
      0.9450784593437945,
      0.9457917261055635,
      0.9500713266761769,
      0.9450784593437945,
      0.9479315263908702,
      0.949358059914408,
      0.949358059914408,
      0.948644793152639
    ],
    "lr": [
      1e-05,
      1e-05,
      1e-05,
      1e-05,
      1e-05,
      5e-06,
      5e-06,
      5e-06,
      5e-06,
      2.5e-06,
      2.5e-06,
      2.5e-06,
      2.5e-06,
      1.25e-06,
      1.25e-06
    ]
  }
}